{
  "51": -0.00011984224693151191,
  "52": 9.58738019107841e-05,
  "53": -9.587380918674171e-05,
  "54": 1.0652644959918689e-05,
  "55": 6.391586794052273e-05,
  "56": -1.0889369150390849e-05,
  "57": -2.1305289919837378e-05,
  "61": 0.0,
  "62": 2.3968450477696024e-05,
  "63": 1.0652644959918689e-05,
  "64": -1.0415919859951828e-05,
  "65": -3.1957933970261365e-05,
  "66": -5.3499948990065604e-05,
  "67": -1.0415919859951828e-05
}